{
	"info": {
		"_postman_id": "cf240060-c861-4265-9bce-1af94f882350",
		"name": "RestApiFilmPostmanCollection",
		"schema": "https://schema.getpostman.com/json/collection/v2.1.0/collection.json",
		"_exporter_id": "20035839"
	},
	"item": [
		{
			"name": "Add a film",
			"event": [
				{
					"listen": "test",
					"script": {
						"exec": [
							"pm.test(\"T1 : Le statut du code de response est 201\", function () {\r",
							"    pm.response.to.have.status(201);\r",
							"});\r",
							"\r",
							"pm.test(\"T2 : La réponse n'est pas null\", function () {\r",
							"    var jsonData = pm.response.json();\r",
							"    pm.expect(jsonData).to.be.not.null;\r",
							"});\r",
							"\r",
							"pm.test(\"T3 : Le temps de réponse de l'API pour ajouter un film est au plus 300 ms\", function () {\r",
							"  // set the response time in milliseconds\r",
							"  const expectedTimeInMilliseconds = 350;\r",
							"\r",
							"   pm.expect(pm.response.responseTime).to.be.lessThan(\r",
							"    expectedTimeInMilliseconds,\r",
							"    `L'API n'a pas répondu en ${expectedTimeInMilliseconds} ms. On a la réponse en ${pm.response.responseTime} ms`\r",
							"  );\r",
							"});\r",
							"\r",
							"pm.test(\"T4 : type de l'id : number\", function () {\r",
							"    var jsonData = pm.response.json();\r",
							"    pm.expect(jsonData.id).to.be.a('number');\r",
							"});\r",
							"\r",
							"pm.test(\"T5 : type du titre : string\", function () {\r",
							"    var jsonData = pm.response.json();\r",
							"    pm.expect(jsonData.titre).to.be.a('string');\r",
							"});\r",
							"\r",
							"pm.test(\"T6 : type de la description : string\", function () {\r",
							"    var jsonData = pm.response.json();\r",
							"    pm.expect(jsonData.description).to.be.a('string');\r",
							"});\r",
							"\r",
							"pm.test(\"T7 : type des acteurs : array\", function () {\r",
							"    var jsonData = pm.response.json();\r",
							"    pm.expect(jsonData.acteurs).to.be.a('array');\r",
							"});\r",
							"\r",
							"pm.test(\"T8 : La réponse contient les bonnes valeurs pour les champs : titre et description\", function () {\r",
							"    var response = pm.response.json();  \r",
							"    pm.expect(response).to.have.property(\"titre\", \"Star Wars: The Empire Strikes Back\");\r",
							"    pm.expect(response).to.have.property(\"description\", \"Darth Vader is adamant about turning Luke Skywalker to the dark side.\");\r",
							"});\r",
							"\r",
							"pm.test(\"T9 : La réponse contient un acteur du nom de : Ford Harrison\", function ()  {\r",
							"    var response = pm.response.json();\r",
							"    var noms = response.acteurs.map((i) => i.nom);\r",
							"    var prenoms = response.acteurs.map((i) => i.prenom);    \r",
							"    pm.expect(noms.includes('Ford')).to.equal(true);\r",
							"    pm.expect(prenoms.includes('Harrison')).to.equal(true);\r",
							"});\r",
							"\r",
							"pm.test(\"T10 : Le test ne se fait pas dans l'environment de production\", function () {\r",
							"    pm.expect(pm.environment.get(\"env\")).to.not.equal(\"production\");\r",
							"});"
						],
						"type": "text/javascript"
					}
				}
			],
			"request": {
				"method": "POST",
				"header": [],
				"body": {
					"mode": "raw",
					"raw": "{\r\n   \"titre\":\"Star Wars: The Empire Strikes Back\",\r\n   \"description\":\"Darth Vader is adamant about turning Luke Skywalker to the dark side.\",\r\n   \"acteurs\":[\r\n      {\r\n         \"nom\":\"Ford\",\r\n         \"prenom\":\"Harrison\"\r\n      },\r\n      {\r\n         \"nom\":\"Hamill\",\r\n         \"prenom\":\"Mark\"\r\n      }\r\n   ]\r\n}",
					"options": {
						"raw": {
							"language": "json"
						}
					}
				},
				"url": {
					"raw": "http://localhost:8080/api/film",
					"protocol": "http",
					"host": [
						"localhost"
					],
					"port": "8080",
					"path": [
						"api",
						"film"
					]
				}
			},
			"response": []
		},
		{
			"name": "Get a film by id",
			"event": [
				{
					"listen": "test",
					"script": {
						"exec": [
							"pm.test(\"T1 : Le statut du code de response est 200\", function () {\r",
							"    pm.response.to.have.status(200);\r",
							"});\r",
							"\r",
							"pm.test(\"T2 : La réponse n'est pas null\", function () {\r",
							"    var jsonData = pm.response.json();\r",
							"    pm.expect(jsonData).to.be.not.null;\r",
							"});\r",
							"\r",
							"pm.test(\"T3 : Le temps de réponse de l'API pour obtenir un film est au plus 250 ms\", function () {\r",
							"  // set the response time in milliseconds\r",
							"  const expectedTimeInMilliseconds = 250;\r",
							"\r",
							"   pm.expect(pm.response.responseTime).to.be.lessThan(\r",
							"    expectedTimeInMilliseconds,\r",
							"    `L'API n'a pas répondu en ${expectedTimeInMilliseconds} ms. On a la réponse en ${pm.response.responseTime} ms`\r",
							"  );\r",
							"});\r",
							"\r",
							"pm.test(\"T4 : type de l'id : number\", function () {\r",
							"    var jsonData = pm.response.json();\r",
							"    pm.expect(jsonData.id).to.be.a('number');\r",
							"});\r",
							"\r",
							"pm.test(\"T5 : type du titre : string\", function () {\r",
							"    var jsonData = pm.response.json();\r",
							"    pm.expect(jsonData.titre).to.be.a('string');\r",
							"});\r",
							"\r",
							"pm.test(\"T6 : type de la description : string\", function () {\r",
							"    var jsonData = pm.response.json();\r",
							"    pm.expect(jsonData.description).to.be.a('string');\r",
							"});\r",
							"\r",
							"pm.test(\"T7 : type des acteurs : array\", function () {\r",
							"    var jsonData = pm.response.json();\r",
							"    pm.expect(jsonData.acteurs).to.be.a('array');\r",
							"});\r",
							"\r",
							"pm.test(\"T8 : La réponse contient les bonnes valeurs pour les champs : titre et description\", function () {\r",
							"    var response = pm.response.json();  \r",
							"    pm.expect(response).to.have.property(\"titre\", \"Star Wars: The Empire Strikes Back\");\r",
							"    pm.expect(response).to.have.property(\"description\", \"Darth Vader is adamant about turning Luke Skywalker to the dark side.\");\r",
							"});\r",
							"\r",
							"pm.test(\"T9 : La réponse contient un acteur du nom de : Ford Harrison\", function ()  {\r",
							"    var response = pm.response.json();\r",
							"    var noms = response.acteurs.map((i) => i.nom);\r",
							"    var prenoms = response.acteurs.map((i) => i.prenom);    \r",
							"    pm.expect(noms.includes('Hamill')).to.equal(true);\r",
							"    pm.expect(prenoms.includes('Mark')).to.equal(true);\r",
							"});\r",
							"\r",
							"pm.test(\"T10 : Le test ne se fait pas dans l'environment de production\", function () {\r",
							"    pm.expect(pm.environment.get(\"env\")).to.not.equal(\"production\");\r",
							"});"
						],
						"type": "text/javascript"
					}
				}
			],
			"request": {
				"method": "GET",
				"header": [],
				"url": {
					"raw": "http://localhost:8080/api/film/1",
					"protocol": "http",
					"host": [
						"localhost"
					],
					"port": "8080",
					"path": [
						"api",
						"film",
						"1"
					]
				}
			},
			"response": []
		}
	]
}